q_id,question_stem,img,correct,option1,option2,option3,option4,,
sectionateam4.csv/3_3,Avoid suspicious people on your way home,sectionateam4/image23.jpg,4,Do you want to meet other shuttle riders and are unsure of who also wants to talk?,Do you need exact navigation to classrooms on campus?,Have you ever realized last minute that you're running late? how did you take steps to make sure you made your flight on time?,Have you ever worried about suspicious individuals on your walk home?,yes,
sectionateam4.csv/2_3,For company on walk home to increase feeling of safety,sectionateam4/image20.jpeg,2,Do you go through a series of decisions on what kind of transportation to take and when to leave to board on time?,How much would you value a service to keep you safe on your walk home?,Do you want to avoid suspicious individuals on your walk home?,Have you ever tried to find out which stop you are approaching during the ride? Would you like to know that at all times while on the shuttle?,yes,
csv/Supawat's storyboard_2,Meaningful waiting experience,sectionateam2/image12.jpeg,1,Have you ever felt wating is boring and a waste of your time?,Have you ever realized last minute that you're running late? how did you take steps to make sure you made your flight on time?,Have you ever search for a shuttle route and stop near your home? would you ever want to just search your destination and get the results?,Have you ever had uncomfortable experience waiting for transportation?,yes,
sectionateam2.csv/Crystal's storyboard_3,More comfortable transportation experience,sectionateam2/image10.jpeg,3,Have you ever felt like you never really had the opportunity to learn about the transportation options?,Have you ever experienced feeling your waiting experience meaningless?,Have you ever had uncomfortable experience waiting for transportation?,Have you ever had to check your phone constantly for bus arrival time?,yes,
sectionateam2.csv/Cathy's storyboard_1,More accessible transportation info,sectionateam2/image5.jpeg,2,Have you ever search for a shuttle route and stop near your home? would you ever want to just search your destination and get the results?,Have you ever had to check your phone constantly for bus arrival time?,Have you ever been on the 28x bus but constantly carried the luggage with you? wouldn't you like your long journey to the airport to be much more comfortable?,Have you ever had uncomfortable experience waiting for transportation?,yesyes,
sectionateam1.csv/1_3,Users need specific transpoortation accomodations that are independent on the time of the day (morning vs night),sectionateam1/image3.jpg,3,Have you ever gone to the airport in the dark? dd you take steps to ensure your safety?,Have you ever felt like you never really had the opportunity to learn about the transportation options?,Have you ever felt like yoou needed to use a diffeerent transportation method in the morning compared to a transpoortation method used at night?,"Have you ever tried using the shuttle service, but while doing so had trouble figuring out which is the best route to take? would you like a better way to find a way to find the best route, so that you could be confident with the results you find?",yes,
sectionateam2.csv/Andrew's storyboard_3,Decrease decisions required for optimizing the plan.,sectionateam2/image4.jpeg,2,Do you need exact navigation to classrooms on campus?,Do you go through a series of decisions on what kind of transportation to take and when to leave to board on time?,Do you want to meet other shuttle riders and are unsure of who also wants to talk?,Do you consider golf cars as a useful way to commute on campus?,,
sectionateam2.csv/Andrew's storyboard_2,Decrease decisions required for optimizing the plan.,sectionateam2/image3.jpeg,1,Do you go through a series of decisions on what kind of transportation to take and when to leave to board on time?,Do you need exact navigation to classrooms on campus?,Do you want to meet other shuttle riders and are unsure of who also wants to talk?,Do you consider golf cars as a useful way to commute on campus?,,
sectionateam2.csv/Andrew's storyboard_1,Decrease decisions required for optimizing the plan.,sectionateam2/image2.jpeg,3,Do you need exact navigation to classrooms on campus?,Do you consider golf cars as a useful way to commute on campus?,Do you go through a series of decisions on what kind of transportation to take and when to leave to board on time?,Do you want to meet other shuttle riders and are unsure of who also wants to talk?,,
sectionateam3.csv/5_3,Safety of taking the transportation during night.,sectionateam3/image17.png,1,Have you ever gone to the airport in the dark? dd you take steps to ensure your safety?,Have you ever been on the 28x bus but constantly carried the luggage with you? wouldn't you like your long journey to the airport to be much more comfortable?,Have you ever felt like you never really had the opportunity to learn about the transportation options?,Have you ever tried to find out which stop you are approaching during the ride? Would you like to know that at all times while on the shuttle?,,
sectionateam3.csv/5_2,Safety of taking the transportation during night.,sectionateam3/image16.png,4,Have you ever felt like you never really had the opportunity to learn about the transportation options?,Have you ever tried to find out which stop you are approaching during the ride? Would you like to know that at all times while on the shuttle?,Have you ever been on the 28x bus but constantly carried the luggage with you? wouldn't you like your long journey to the airport to be much more comfortable?,Have you ever gone to the airport in the dark? dd you take steps to ensure your safety?,,
sectionateam3.csv/5_1,Safety of taking the transportation during night.,sectionateam3/image15.png,1,Have you ever gone to the airport in the dark? dd you take steps to ensure your safety?,Have you ever been on the 28x bus but constantly carried the luggage with you? wouldn't you like your long journey to the airport to be much more comfortable?,Have you ever felt like you never really had the opportunity to learn about the transportation options?,Have you ever tried to find out which stop you are approaching during the ride? Would you like to know that at all times while on the shuttle?,,
sectionateam3.csv/4_3,Enhancing relaxedness by making more space in the 28x bus.,sectionateam3/image14.jpeg,1,Have you ever been on the 28x bus but constantly carried the luggage with you? wouldn't you like your long journey to the airport to be much more comfortable?,Have you ever tried to find out which stop you are approaching during the ride? Would you like to know that at all times while on the shuttle?,Have you ever gone to the airport in the dark? dd you take steps to ensure your safety?,Have you ever felt like you never really had the opportunity to learn about the transportation options?,,
sectionateam3.csv/4_2,Enhancing relaxedness by making more space in the 28x bus.,sectionateam3/image13.jpeg,1,Have you ever been on the 28x bus but constantly carried the luggage with you? wouldn't you like your long journey to the airport to be much more comfortable?,Have you ever felt like you never really had the opportunity to learn about the transportation options?,Have you ever gone to the airport in the dark? dd you take steps to ensure your safety?,Have you ever tried to find out which stop you are approaching during the ride? Would you like to know that at all times while on the shuttle?,,
sectionateam3.csv/4_1,Enhancing relaxedness by making more space in the 28x bus.,sectionateam3/image12.jpeg,4,Have you ever felt like you never really had the opportunity to learn about the transportation options?,Have you ever tried to find out which stop you are approaching during the ride? Would you like to know that at all times while on the shuttle?,Have you ever gone to the airport in the dark? dd you take steps to ensure your safety?,Have you ever been on the 28x bus but constantly carried the luggage with you? wouldn't you like your long journey to the airport to be much more comfortable?,,
sectionateam3.csv/2_3,Cheap rideshare options to airport,sectionateam3/image7.jpeg,2,Have you ever been on the 28x bus but constantly carried the luggage with you? wouldn't you like your long journey to the airport to be much more comfortable?,Have you ever taken rideshare to the airport? have you found that it differs depending on the time of year? have you been affected by surge prices?,Have you ever tried to find out which stop you are approaching during the ride? Would you like to know that at all times while on the shuttle?,Have you ever gone to the airport in the dark? dd you take steps to ensure your safety?,,
sectionateam3.csv/2_2,Cheap rideshare options to airport,sectionateam3/image6.jpeg,2,Have you ever gone to the airport in the dark? dd you take steps to ensure your safety?,Have you ever taken rideshare to the airport? have you found that it differs depending on the time of year? have you been affected by surge prices?,Have you ever been on the 28x bus but constantly carried the luggage with you? wouldn't you like your long journey to the airport to be much more comfortable?,Have you ever tried to find out which stop you are approaching during the ride? Would you like to know that at all times while on the shuttle?,,
sectionateam3.csv/2_1,Cheap rideshare options to airport,sectionateam3/image5.jpeg,3,Have you ever been on the 28x bus but constantly carried the luggage with you? wouldn't you like your long journey to the airport to be much more comfortable?,Have you ever tried to find out which stop you are approaching during the ride? Would you like to know that at all times while on the shuttle?,Have you ever taken rideshare to the airport? have you found that it differs depending on the time of year? have you been affected by surge prices?,Have you ever gone to the airport in the dark? dd you take steps to ensure your safety?,,
sectionateam3.csv/1_3,What to do when you realize you're running late?,sectionateam3/image3.png,2,Have you ever taken rideshare to the airport? have you found that it differs depending on the time of year? have you been affected by surge prices?,Have you ever realized last minute that you're running late? how did you take steps to make sure you made your flight on time?,Have you ever tried to find out which stop you are approaching during the ride? Would you like to know that at all times while on the shuttle?,Have you ever gone to the airport in the dark? dd you take steps to ensure your safety?,,
sectionateam3.csv/1_2,What to do when you realize you're running late?,sectionateam3/image2.png,3,Have you ever tried to find out which stop you are approaching during the ride? Would you like to know that at all times while on the shuttle?,Have you ever gone to the airport in the dark? dd you take steps to ensure your safety?,Have you ever realized last minute that you're running late? how did you take steps to make sure you made your flight on time?,Have you ever taken rideshare to the airport? have you found that it differs depending on the time of year? have you been affected by surge prices?,,
sectionateam3.csv/1_1,What to do when you realize you're running late?,sectionateam3/image1.png,1,Have you ever realized last minute that you're running late? how did you take steps to make sure you made your flight on time?,Have you ever gone to the airport in the dark? dd you take steps to ensure your safety?,Have you ever taken rideshare to the airport? have you found that it differs depending on the time of year? have you been affected by surge prices?,Have you ever tried to find out which stop you are approaching during the ride? Would you like to know that at all times while on the shuttle?,,
sectionateam1.csv/2_3,Users need specific transpoortation accomodations that are dependant on the weather,sectionateam1/image6.jpg,1,Do you find yourself needing different transportation options depending on the weather (ie. Rainy/snow vs a sunny day),"What kinds of information (time, weather conditions, traffic, etc.) do you consider or find useful while planning a trip for later in the day/the future? ","Have you ever tried using the shuttle service, but while doing so had trouble figuring out which is the best route to take? would you like a better way to find a way to find the best route, so that you could be confident with the results you find?",Have you ever felt like you never really had the opportunity to learn about the transportation options?,,
sectionateam1.csv/2_2,Users need specific transpoortation accomodations that are dependant on the weather,sectionateam1/image5.jpg,4,Have you ever felt like you never really had the opportunity to learn about the transportation options?,"What kinds of information (time, weather conditions, traffic, etc.) do you consider or find useful while planning a trip for later in the day/the future? ","Have you ever tried using the shuttle service, but while doing so had trouble figuring out which is the best route to take? would you like a better way to find a way to find the best route, so that you could be confident with the results you find?",Do you find yourself needing different transportation options depending on the weather (ie. Rainy/snow vs a sunny day),,
sectionateam1.csv/2_1,Users need specific transpoortation accomodations that are dependant on the weather,sectionateam1/image4.jpg,1,Do you find yourself needing different transportation options depending on the weather (ie. Rainy/snow vs a sunny day),"What kinds of information (time, weather conditions, traffic, etc.) do you consider or find useful while planning a trip for later in the day/the future? ",Have you ever felt like you never really had the opportunity to learn about the transportation options?,"Have you ever tried using the shuttle service, but while doing so had trouble figuring out which is the best route to take? would you like a better way to find a way to find the best route, so that you could be confident with the results you find?",,
sectionateam1.csv/1_2,Users need specific transpoortation accomodations that are independent on the time of the day (morning vs night),sectionateam1/image2.jpg,1,Have you ever felt like yoou needed to use a diffeerent transportation method in the morning compared to a transpoortation method used at night?,Have you ever gone to the airport in the dark? dd you take steps to ensure your safety?,"Have you ever tried using the shuttle service, but while doing so had trouble figuring out which is the best route to take? would you like a better way to find a way to find the best route, so that you could be confident with the results you find?",Have you ever felt like you never really had the opportunity to learn about the transportation options?,,
sectionateam1.csv/1_1,Users need specific transpoortation accomodations that are independent on the time of the day (morning vs night),sectionateam1/image1.jpg,1,Have you ever felt like yoou needed to use a diffeerent transportation method in the morning compared to a transpoortation method used at night?,Have you ever felt like you never really had the opportunity to learn about the transportation options?,"Have you ever tried using the shuttle service, but while doing so had trouble figuring out which is the best route to take? would you like a better way to find a way to find the best route, so that you could be confident with the results you find?",Have you ever gone to the airport in the dark? dd you take steps to ensure your safety?,,
sectioncteam1.csv/5_3,"Users need access to other backup transportation options, especially when transport becomes unpredictable.",sectioncteam1/image15.png,4,Have you ever taken rideshare to the airport? have you found that it differs depending on the time of year? have you been affected by surge prices?,Have you ever search for a shuttle route and stop near your home? would you ever want to just search your destination and get the results?,Would you feel more safe going home if you knew you there were limited dangers and low risks?,"When you commuting between home and campus, have you ever have met some unpredictable difficulties and need backup options for transportation?",,
sectioncteam1.csv/5_2,"Users need access to other backup transportation options, especially when transport becomes unpredictable.",sectioncteam1/image14.png,3,Have you ever search for a shuttle route and stop near your home? would you ever want to just search your destination and get the results?,Would you feel more safe going home if you knew you there were limited dangers and low risks?,"When you commuting between home and campus, have you ever have met some unpredictable difficulties and need backup options for transportation?",Have you ever taken rideshare to the airport? have you found that it differs depending on the time of year? have you been affected by surge prices?,,
sectioncteam1.csv/5_1,"Users need access to other backup transportation options, especially when transport becomes unpredictable.",sectioncteam1/image13.png,4,Would you feel more safe going home if you knew you there were limited dangers and low risks?,Have you ever taken rideshare to the airport? have you found that it differs depending on the time of year? have you been affected by surge prices?,Have you ever search for a shuttle route and stop near your home? would you ever want to just search your destination and get the results?,"When you commuting between home and campus, have you ever have met some unpredictable difficulties and need backup options for transportation?",yes,screen design
sectioncteam1.csv/4_3,"When using rideshares, users want to be familiar with or have more accurate pickup location: Easier to find, potentially safer.",sectioncteam1/image12.png,4,Have you ever taken rideshare to the airport? have you found that it differs depending on the time of year? have you been affected by surge prices?,Have you ever gone to the airport in the dark? dd you take steps to ensure your safety?,Have you ever been on the 28x bus but constantly carried the luggage with you? wouldn't you like your long journey to the airport to be much more comfortable?,"When using ridesharing services, have you ever have difficulty in locating the right pickup location to meet the driver? How do you value safety in selecting pickup location for ridesharing services on campus?",,
sectioncteam1.csv/4_2,"When using rideshares, users want to be familiar with or have more accurate pickup location: Easier to find, potentially safer.",sectioncteam1/image11.png,3,Have you ever been on the 28x bus but constantly carried the luggage with you? wouldn't you like your long journey to the airport to be much more comfortable?,Have you ever gone to the airport in the dark? dd you take steps to ensure your safety?,"When using ridesharing services, have you ever have difficulty in locating the right pickup location to meet the driver? How do you value safety in selecting pickup location for ridesharing services on campus?",Have you ever taken rideshare to the airport? have you found that it differs depending on the time of year? have you been affected by surge prices?,,
sectioncteam1.csv/4_1,"When using rideshares, users want to be familiar with or have more accurate pickup location: Easier to find, potentially safer.",sectioncteam1/image10.png,4,Have you ever been on the 28x bus but constantly carried the luggage with you? wouldn't you like your long journey to the airport to be much more comfortable?,Have you ever gone to the airport in the dark? dd you take steps to ensure your safety?,Have you ever taken rideshare to the airport? have you found that it differs depending on the time of year? have you been affected by surge prices?,"When using ridesharing services, have you ever have difficulty in locating the right pickup location to meet the driver? How do you value safety in selecting pickup location for ridesharing services on campus?",,
sectioncteam1.csv/3_3,Users want a comfortable/warm waiting condition.,sectioncteam1/image9.png,4,Have you experienced the anxiety of not knowing where the shuttle is when it is not on schedule?,Have you ever felt like you never really had the opportunity to learn about the transportation options?,Have you ever been on the 28x bus but constantly carried the luggage with you? wouldn't you like your long journey to the airport to be much more comfortable?,Have you ever had the situation that the waiting area is not comfortable?,,
sectioncteam1.csv/3_2,Users want a comfortable/warm waiting condition.,sectioncteam1/image8.png,4,Have you experienced the anxiety of not knowing where the shuttle is when it is not on schedule?,Have you ever felt like you never really had the opportunity to learn about the transportation options?,Have you ever been on the 28x bus but constantly carried the luggage with you? wouldn't you like your long journey to the airport to be much more comfortable?,Have you ever had the situation that the waiting area is not comfortable?,,
sectioncteam1.csv/3_1,Users want a comfortable/warm waiting condition.,sectioncteam1/image7.png,4,Have you ever felt like you never really had the opportunity to learn about the transportation options?,Have you experienced the anxiety of not knowing where the shuttle is when it is not on schedule?,Have you ever been on the 28x bus but constantly carried the luggage with you? wouldn't you like your long journey to the airport to be much more comfortable?,Have you ever had the situation that the waiting area is not comfortable?,,
sectioncteam1.csv/2_3,Users want to have reliable information about their transportation; they want to be able to trust the information and/or know it won't change (e.g. ETA).,sectioncteam1/image6.png,3,Have you ever gone to the airport in the dark? dd you take steps to ensure your safety?,Have you ever been on the 28x bus but constantly carried the luggage with you? wouldn't you like your long journey to the airport to be much more comfortable?,"Have you ever planned when you'll take the bus/shuttle from campus, and at the last minute, the arrival time changes unexpectedly?",Have you ever felt like you never really had the opportunity to learn about the transportation options?,,
sectioncteam1.csv/2_2,Users want to have reliable information about their transportation; they want to be able to trust the information and/or know it won't change (e.g. ETA).,sectioncteam1/image5.png,3,Have you ever been on the 28x bus but constantly carried the luggage with you? wouldn't you like your long journey to the airport to be much more comfortable?,Have you ever gone to the airport in the dark? dd you take steps to ensure your safety?,"Have you ever planned when you'll take the bus/shuttle from campus, and at the last minute, the arrival time changes unexpectedly?",Have you ever felt like you never really had the opportunity to learn about the transportation options?,,
sectioncteam1.csv/2_1,Users want to have reliable information about their transportation; they want to be able to trust the information and/or know it won't change (e.g. ETA).,sectioncteam1/image4.png,3,Have you ever felt like you never really had the opportunity to learn about the transportation options?,Have you ever been on the 28x bus but constantly carried the luggage with you? wouldn't you like your long journey to the airport to be much more comfortable?,"Have you ever planned when you'll take the bus/shuttle from campus, and at the last minute, the arrival time changes unexpectedly?",Have you ever gone to the airport in the dark? dd you take steps to ensure your safety?,,
sectioncteam1.csv/1_3,Users want to minimize wait and avoid unnecessary waiting at pickup location,sectioncteam1/image3.png,3,"Have you ever planned when you'll take the bus/shuttle from campus, and at the last minute, the arrival time changes unexpectedly?",Have you ever waited at a shuttle stop longer than it would take you to walk?,Have you ever arrived at the bus station and waited a bus for a long time that you think is too long or unnecessary?,Did you ever wait for a bus only to find out the bus skips your stop because it was full? ,,
sectioncteam1.csv/1_2,Users want to minimize wait and avoid unnecessary waiting at pickup location,sectioncteam1/image2.png,1,Have you ever arrived at the bus station and waited a bus for a long time that you think is too long or unnecessary?,Have you ever waited at a shuttle stop longer than it would take you to walk?,Did you ever wait for a bus only to find out the bus skips your stop because it was full? ,"Have you ever planned when you'll take the bus/shuttle from campus, and at the last minute, the arrival time changes unexpectedly?",,
sectioncteam1.csv/1_1,Users want to minimize wait and avoid unnecessary waiting at pickup location,sectioncteam1/image1.png,2,Did you ever wait for a bus only to find out the bus skips your stop because it was full? ,Have you ever arrived at the bus station and waited a bus for a long time that you think is too long or unnecessary?,"Have you ever planned when you'll take the bus/shuttle from campus, and at the last minute, the arrival time changes unexpectedly?",Have you ever waited at a shuttle stop longer than it would take you to walk?,,
sectionbteam1.csv/4_3,Riders need entertainment while riding the shuttle.,sectionbteam1/image12.jpeg,2,"Have you ever tried using the shuttle service, but while doing so had trouble figuring out which is the best route to take? would you like a better way to find a way to find the best route, so that you could be confident with the results you find?",Do you ever wish you had a friend to sit with on the shuttle?,Have you ever been on the 28x bus but constantly carried the luggage with you? wouldn't you like your long journey to the airport to be much more comfortable?,Have you ever tried to find out which stop you are approaching during the ride? Would you like to know that at all times while on the shuttle?,,
sectionbteam1.csv/4_2,Riders need entertainment while riding the shuttle.,sectionbteam1/image11.jpeg,1,Do you often have to choose between being social or listening to music?,Do you want to meet other shuttle riders and are unsure of who also wants to talk?,Do you need exact navigation to classrooms on campus?,Do you go through a series of decisions on what kind of transportation to take and when to leave to board on time?,,
sectionbteam1.csv/4_1,Riders need info on when theirr stop is coming up,sectionbteam1/image10.jpeg,4,"Have you ever planned when you'll take the bus/shuttle from campus, and at the last minute, the arrival time changes unexpectedly?",Have you ever tried to find out which stop you are approaching during the ride? Would you like to know that at all times while on the shuttle?,Have you experienced the anxiety of not knowing where the shuttle is when it is not on schedule?,Have you everr feel frrustrated of not knowing when to get off the shuttle?,,
sectionbteam1.csv/3_3,Riders need entertainment while riding the shuttle.,sectionbteam1/image9.png,2,Have you ever been on the 28x bus but constantly carried the luggage with you? wouldn't you like your long journey to the airport to be much more comfortable?,Do you ever wish you had a friend to sit with on the shuttle?,"Have you ever tried using the shuttle service, but while doing so had trouble figuring out which is the best route to take? would you like a better way to find a way to find the best route, so that you could be confident with the results you find?",Have you ever tried to find out which stop you are approaching during the ride? Would you like to know that at all times while on the shuttle?,,
sectionbteam1.csv/3_2,Riders need entertainment while riding the shuttle.,sectionbteam1/image8.png,4,Have you ever gone to the airport in the dark? dd you take steps to ensure your safety?,Do you go through a series of decisions on what kind of transportation to take and when to leave to board on time?,Do you need exact navigation to classrooms on campus?,Do you often have to choose between being social or listening to music?,,
sectionbteam1.csv/3_1,Riders need entertainment while riding the shuttle.,sectionbteam1/image7.png,3,Have you ever tried to find out which stop you are approaching during the ride? Would you like to know that at all times while on the shuttle?,"Have you ever wanted to make conversation with the CMU shuttle driver, but didn't because you didn't want to bother him?",Do you want to meet other shuttle riders and are unsure of who also wants to talk?,Do you go through a series of decisions on what kind of transportation to take and when to leave to board on time?,,
sectionbteam1.csv/2_3,Students and drivers need a more personal relationship with each other.,sectionbteam1/image6.jpeg,1,Have you ever wanted a more personal relationship with the driver?,Have you ever wanted to be a more organized person and become more in control of your daily transportation experience?,Have you ever been on the 28x bus but constantly carried the luggage with you? wouldn't you like your long journey to the airport to be much more comfortable?,"Have you ever wanted to make conversation with the CMU shuttle driver, but didn't because you didn't want to bother him?",,
sectionbteam1.csv/2_2,Students and drivers need a more personal relationship with each other.,sectionbteam1/image5.jpeg,2,Have you ever been on the 28x bus but constantly carried the luggage with you? wouldn't you like your long journey to the airport to be much more comfortable?,Have you ever wanted a more personal relationship with the driver?,"Have you ever wanted to make conversation with the CMU shuttle driver, but didn't because you didn't want to bother him?",Have you ever wanted to be a more organized person and become more in control of your daily transportation experience?,,
sectionbteam1.csv/2_1,Students and drivers need a more personal relationship with each other.,sectionbteam1/image4.jpeg,1,Have you ever wanted a more personal relationship with the driver?,Have you ever been on the 28x bus but constantly carried the luggage with you? wouldn't you like your long journey to the airport to be much more comfortable?,Have you ever wanted to be a more organized person and become more in control of your daily transportation experience?,"Have you ever wanted to make conversation with the CMU shuttle driver, but didn't because you didn't want to bother him?",,
sectionbteam1.csv/1_3,Students need real-time information on shuttle,sectionbteam1/image3.png,3,Have you ever search for a shuttle route and stop near your home? would you ever want to just search your destination and get the results?,Have you ever had uncomfortable experience waiting for transportation?,Have you ever experienced feeling frustrated waiting for a delayed shuttle and not knowing when it will show up?,Have you ever experienced feeling your waiting experience meaningless?,,
sectionbteam1.csv/1_2,Students need real-time information on shuttle,sectionbteam1/image2.png,1,Have you ever experienced an overfilled shuttle that you are not able to get on?,Have you ever tried to find out which stop you are approaching during the ride? Would you like to know that at all times while on the shuttle?,Have you ever realized last minute that you're running late? how did you take steps to make sure you made your flight on time?,Have you ever waited at a shuttle stop longer than it would take you to walk?,,
sectionbteam1.csv/1_1,Students need real-time information on shuttle,sectionbteam1/image1.png,4,"Have you ever planned when you'll take the bus/shuttle from campus, and at the last minute, the arrival time changes unexpectedly?",Have you ever had the situation that the waiting area is not comfortable?,Have you everr feel frrustrated of not knowing when to get off the shuttle?,Have you experienced the anxiety of not knowing where the shuttle is when it is not on schedule?,,
sectionbteam2.csv/1_3,Reducing barrier/better interaction with drivers,sectionbteam2/image3.png,2,Have you ever wanted a more personal relationship with the driver?,Have you ever been on a CMU shuttle ride where the driver gave you a hard time?,Have you ever missed a shuttle because you couldn't find all the information you needed from one resource?,Have you ever taken rideshare to the airport? have you found that it differs depending on the time of year? have you been affected by surge prices?,,
sectionbteam2.csv/1_2,Reducing barrier/better interaction with drivers,sectionbteam2/image2.png,2,Have you ever tried to find out which stop you are approaching during the ride? Would you like to know that at all times while on the shuttle?,Have you ever felt lonely or bored during a shuttle ride?,Have you ever waited at a shuttle stop longer than it would take you to walk?,Have you ever missed a shuttle because you couldn't find all the information you needed from one resource?,,
sectionbteam2.csv/1_1,Reducing barrier/better interaction with drivers,sectionbteam2/image1.png,4,Have you ever gone to the airport in the dark? dd you take steps to ensure your safety?,Have you ever missed a shuttle because you couldn't find all the information you needed from one resource?,Have you ever been on the 28x bus but constantly carried the luggage with you? wouldn't you like your long journey to the airport to be much more comfortable?,"Have you ever wanted to make conversation with the CMU shuttle driver, but didn't because you didn't want to bother him?",,
sectioncteam2.csv/2_3,Choosing a safe transportation method at night,sectioncteam2/image6.png,1,Have you ever traveled back home late at night and not sure about what transportation to take?,Have you ever felt like you never really had the opportunity to learn about the transportation options?,Have you ever realized last minute that you're running late? how did you take steps to make sure you made your flight on time?,Have you ever waited at a shuttle stop longer than it would take you to walk?,,
sectioncteam2.csv/2_2,Choosing a safe transportation method at night,sectioncteam2/image5.png,4,Have you ever realized last minute that you're running late? how did you take steps to make sure you made your flight on time?,Have you ever felt like you never really had the opportunity to learn about the transportation options?,Have you ever waited at a shuttle stop longer than it would take you to walk?,Have you ever traveled back home late at night and not sure about what transportation to take?,,
sectioncteam2.csv/2_1,Choosing a safe transportation method at night,sectioncteam2/image4.png,3,Have you ever waited at a shuttle stop longer than it would take you to walk?,Have you ever felt like you never really had the opportunity to learn about the transportation options?,Have you ever traveled back home late at night and not sure about what transportation to take?,Have you ever realized last minute that you're running late? how did you take steps to make sure you made your flight on time?,,
sectioncteam2.csv/1_3,Students need help to be more organized & have a desire of becoming organized,sectioncteam2/image3.png,1,Have you ever wanted to be a more organized person and become more in control of your daily transportation experience?,Have you ever wanted a more personal relationship with the driver?,Have you ever had uncomfortable experience waiting for transportation?,Have you ever search for a shuttle route and stop near your home? would you ever want to just search your destination and get the results?,,
sectioncteam2.csv/1_2,Students need help to be more organized & have a desire of becoming organized,sectioncteam2/image2.png,1,Have you ever wanted to be a more organized person and become more in control of your daily transportation experience?,Have you ever had uncomfortable experience waiting for transportation?,Have you ever wanted a more personal relationship with the driver?,Have you ever search for a shuttle route and stop near your home? would you ever want to just search your destination and get the results?,,
sectioncteam2.csv/1_1,Students need help to be more organized & have a desire of becoming organized,sectioncteam2/image1.png,2,Have you ever wanted a more personal relationship with the driver?,Have you ever wanted to be a more organized person and become more in control of your daily transportation experience?,Have you ever had uncomfortable experience waiting for transportation?,Have you ever search for a shuttle route and stop near your home? would you ever want to just search your destination and get the results?,,
sectioncteam3.csv/2_3,Transportation vehicles on campus,sectioncteam3/image6.png,4,Would you feel more safe going home if you knew you there were limited dangers and low risks?,Do you experience frustration when you input information into transportation options each time you use them?,"When you commuting between home and campus, have you ever have met some unpredictable difficulties and need backup options for transportation?",Do you feel like self-driving scooters useful and applicable?,,
sectioncteam3.csv/2_2,Transportation vehicles on campus,sectioncteam3/image5.png,2,Would you feel more safe going home if you knew you there were limited dangers and low risks?,"If you are injured, will you consider using this e-scooter service?",Have you ever realized last minute that you're running late? how did you take steps to make sure you made your flight on time?,Do you experience frustration when you input information into transportation options each time you use them?,,
sectioncteam3.csv/2_1,Transportation vehicles on campus,sectioncteam3/image4.png,3,Do you go through a series of decisions on what kind of transportation to take and when to leave to board on time?,"Have you ever tried using the shuttle service, but while doing so had trouble figuring out which is the best route to take? would you like a better way to find a way to find the best route, so that you could be confident with the results you find?",Do you consider golf cars as a useful way to commute on campus?,Do you need exact navigation to classrooms on campus?,,
sectioncteam3.csv/1_3,Easy navigation on CMU campus,sectioncteam3/image3.png,2,Do you go through a series of decisions on what kind of transportation to take and when to leave to board on time?,Do you need exact navigation to classrooms on campus?,Do you consider golf cars as a useful way to commute on campus?,Have you ever realized last minute that you're running late? how did you take steps to make sure you made your flight on time?,,
sectioncteam3.csv/1_2,Easy navigation on CMU campus,sectioncteam3/image2.png,3,Do you consider golf cars as a useful way to commute on campus?,Have you ever realized last minute that you're running late? how did you take steps to make sure you made your flight on time?,Do you need exact navigation to classrooms on campus?,Do you go through a series of decisions on what kind of transportation to take and when to leave to board on time?,,
sectioncteam3.csv/1_1,Easy navigation on CMU campus,sectioncteam3/image1.png,1,Do you need exact navigation to classrooms on campus?,Do you consider golf cars as a useful way to commute on campus?,Do you go through a series of decisions on what kind of transportation to take and when to leave to board on time?,Have you ever realized last minute that you're running late? how did you take steps to make sure you made your flight on time?,,
sectionbteam3.csv/5_3,Personalizing information users receive on their transportation options,sectionbteam3/image35.jpeg,3,Have you ever realized last minute that you're running late? how did you take steps to make sure you made your flight on time?,Have you ever search for a shuttle route and stop near your home? would you ever want to just search your destination and get the results?,Would you find it useful if your transportation options know your destinations and preferences each time you used them?,Would you feel more safe going home if you knew you there were limited dangers and low risks?,,
sectionbteam3.csv/5_2,Personalizing information users receive on their transportation options,sectionbteam3/image16.jpeg,2,do you want to avoid suspicious individuals on your walk home?,Do you find it useful when your transportation options have existing information on your preferences?,Do you find yourself needing different transportation options depending on the weather (ie. Rainy/snow vs a sunny day),Do you experience difficulty finding information about differences of transportation service?,,
sectionbteam3.csv/5_1,Personalizing information users receive on their transportation options,sectionbteam3/image15.jpeg,2,Have you ever realized last minute that you're running late? how did you take steps to make sure you made your flight on time?,Do you experience frustration when you input information into transportation options each time you use them?,Do you experience difficulty finding information about differences of transportation service?,Have you ever missed a shuttle because you couldn't find all the information you needed from one resource?,,
sectionbteam3.csv/4_3,Identifying differences of transportation options (Easier selection/to choose what to ride),sectionbteam3/image14.jpeg,4,Do you go through a series of decisions on what kind of transportation to take and when to leave to board on time?,Have you ever had uncomfortable experience waiting for transportation?,Do you experience frustration when you input information into transportation options each time you use them?,Do you experience difficulty choosing what transportation option to use?,,
sectionbteam3.csv/4_2,Identifying differences of transportation options (Easier selection/to choose what to ride),sectionbteam3/image13.jpeg,4,Do you find yourself needing different transportation options depending on the weather (ie. Rainy/snow vs a sunny day),Have you ever had uncomfortable experience waiting for transportation?,Do you experience frustration when you input information into transportation options each time you use them?,Do you experience difficulty identifying differences among various transportation options?,,
sectionbteam3.csv/4_1,Identifying differences of transportation options (Easier selection/to choose what to ride),sectionbteam3/image12.jpeg,4,Have you ever had uncomfortable experience waiting for transportation?,Do you experience frustration when you input information into transportation options each time you use them?,Have you ever felt like you never really had the opportunity to learn about the transportation options?,Do you experience difficulty finding information about differences of transportation service?,,
sectionbteam3.csv/3_3,Providing transportation option learning opportunities in,sectionbteam3/image11.jpeg,1,Have you ever needed your transportation questions answered?,Have you ever missed a shuttle because you couldn't find all the information you needed from one resource?,Have you ever experienced feeling your waiting experience meaningless?,Have you ever had uncomfortable experience waiting for transportation?,,
sectionbteam3.csv/3_2,Providing transportation option learning opportunities in,sectionbteam3/image10.jpeg,4,Have you ever gone to the airport in the dark? dd you take steps to ensure your safety?,"Have you ever wanted to make conversation with the CMU shuttle driver, but didn't because you didn't want to bother him?",Have you ever tried to find out which stop you are approaching during the ride? Would you like to know that at all times while on the shuttle?,Have you ever wanted to learn about the shuttle experience first hand during orientation week?,,
sectionbteam3.csv/3_1,Providing transportation option learning opportunities in,sectionbteam3/image9.jpeg,1,Have you ever felt like you never really had the opportunity to learn about the transportation options?,Have you ever been on the 28x bus but constantly carried the luggage with you? wouldn't you like your long journey to the airport to be much more comfortable?,Have you ever gone to the airport in the dark? dd you take steps to ensure your safety?,Have you ever tried to find out which stop you are approaching during the ride? Would you like to know that at all times while on the shuttle?,,
sectionbteam3.csv/2_3,Having more confidence in how to ride the shuttle when boarding,sectionbteam3/image8.jpeg,2,Have you ever gone to the airport in the dark? dd you take steps to ensure your safety?,"Have you ever tried using the shuttle service, but weren't really confident enough to actually take it? do you think going on the shuttle once with a group would make you more likely to ride shuttles in the future?",Have you ever tried to find out which stop you are approaching during the ride? Would you like to know that at all times while on the shuttle?,Have you ever been on the 28x bus but constantly carried the luggage with you? wouldn't you like your long journey to the airport to be much more comfortable?,,
sectionbteam3.csv/2_2,Having more confidence in how to ride the shuttle when boarding,sectionbteam3/image7.jpeg,1,"Have you ever tried using the shuttle service, but while doing so had trouble figuring out which is the best route to take? would you like a better way to find a way to find the best route, so that you could be confident with the results you find?",Have you ever tried to find out which stop you are approaching during the ride? Would you like to know that at all times while on the shuttle?,Have you ever been on the 28x bus but constantly carried the luggage with you? wouldn't you like your long journey to the airport to be much more comfortable?,Have you ever gone to the airport in the dark? dd you take steps to ensure your safety?,,
sectionbteam3.csv/2_1,Having more confidence in how to ride the shuttle when boarding,sectionbteam3/image6.jpeg,3,Have you ever been on the 28x bus but constantly carried the luggage with you? wouldn't you like your long journey to the airport to be much more comfortable?,Have you ever tried to find out which stop you are approaching during the ride? Would you like to know that at all times while on the shuttle?,"Have you ever tried using the shuttle service, but while doing so had trouble figuring out which is the best route to take? would you like a better way to find a way to find the best route, so that you could be confident with the results you find?",Have you ever gone to the airport in the dark? dd you take steps to ensure your safety?,,
sectionbteam3.csv/1_3,More personalized information on transportation options,sectionbteam3/image5.jpeg,1,Have you ever struggle with learning about shuttle route and stops? have you ever wonder whether cmu could just recommend a shuttle stop for you after entering your location?,Have you ever waited at a shuttle stop longer than it would take you to walk?,Have you ever realized last minute that you're running late? how did you take steps to make sure you made your flight on time?,Have you ever missed a shuttle because you couldn't find all the information you needed from one resource?,,
sectionbteam3.csv/1_2,More personalized information on transportation options,sectionbteam3/image4.jpeg,3,Have you ever tried to find out which stop you are approaching during the ride? Would you like to know that at all times while on the shuttle?,"Have you ever tried using the shuttle service, but while doing so had trouble figuring out which is the best route to take? would you like a better way to find a way to find the best route, so that you could be confident with the results you find?",Do you want to check shuttle routes and information directly at the shutle stop? have you ever just want to walk to the shuttle stop and find the shuttle stop near your home?,Have you ever waited at a shuttle stop longer than it would take you to walk?,,
sectionbteam3.csv/1_1,More personalized information on shuttle service,sectionbteam3/image3.jpeg,2,"Have you ever tried using the shuttle service, but while doing so had trouble figuring out which is the best route to take? would you like a better way to find a way to find the best route, so that you could be confident with the results you find?",Have you ever search for a shuttle route and stop near your home? would you ever want to just search your destination and get the results?,Have you ever waited at a shuttle stop longer than it would take you to walk?,Have you ever gone to the airport in the dark? dd you take steps to ensure your safety?,,
sectionbteam4.csv/5_3,Need Riders need to know the current capacity of the buses to make better decisions.,sectionbteam4/image17.jpeg,4,Have you ever tried to find out which stop you are approaching during the ride? Would you like to know that at all times while on the shuttle?,Have you ever gone to the airport in the dark? dd you take steps to ensure your safety?,"Have you ever wanted to make conversation with the CMU shuttle driver, but didn't because you didn't want to bother him?","Question Have you ever wanted to take the shuttle with multiple friends, and wondered if there are enough seats to sit together in?",,
sectionbteam4.csv/5_2,Riders need to know the current capacity of the buses to make better decisions.,sectionbteam4/image16.jpeg,2,Have you ever gone to the airport in the dark? dd you take steps to ensure your safety?,"Have you ever wanted to take the shuttle with multiple friends, and wondered if there are enough seats to sit together in? ",Have you ever tried to find out which stop you are approaching during the ride? Would you like to know that at all times while on the shuttle?,"Have you ever wanted to make conversation with the CMU shuttle driver, but didn't because you didn't want to bother him?",,
sectionbteam4.csv/5_1,Riders need to know the current capacity of the buses to make better decisions.,sectionbteam4/image15.jpeg,3,Have you ever arrived at the bus station and waited a bus for a long time that you think is too long or unnecessary?,Have you ever had to check your phone constantly for bus arrival time?,Did you ever wait for a bus only to find out the bus skips your stop because it was full? ,"Have you ever tried using the shuttle service, but while doing so had trouble figuring out which is the best route to take? would you like a better way to find a way to find the best route, so that you could be confident with the results you find?",,
sectionbteam4.csv/4_3,Riders want to plan a trip for a specific time and purpose in the future.,sectionbteam4/image14.jpeg,2,Have you ever arrived at the bus station and waited a bus for a long time that you think is too long or unnecessary?,Do you ever feel uneasy or unsure of your experience riding the shuttle or bus in a new place? ,Did you ever wait for a bus only to find out the bus skips your stop because it was full? ,Have you ever search for a shuttle route and stop near your home? would you ever want to just search your destination and get the results?,,
sectionbteam4.csv/4_2,Riders want to plan a trip for a specific time and purpose in the future.,sectionbteam4/image13.jpeg,1,Do you follow or would like to create/stick to a travel routine that you can follow?,Have you ever tried to find out which stop you are approaching during the ride? Would you like to know that at all times while on the shuttle?,"Have you ever tried using the shuttle service, but while doing so had trouble figuring out which is the best route to take? would you like a better way to find a way to find the best route, so that you could be confident with the results you find?",Have you ever waited at a shuttle stop longer than it would take you to walk?,,
sectionbteam4.csv/4_1,Riders want to plan a trip for a specific time and purpose in the future.,sectionbteam4/image12.jpeg,2,"Have you ever planned when you'll take the bus/shuttle from campus, and at the last minute, the arrival time changes unexpectedly?","What kinds of information (time, weather conditions, traffic, etc.) do you consider or find useful while planning a trip for later in the day/the future? ",Do you find yourself needing different transportation options depending on the weather (ie. Rainy/snow vs a sunny day),"Have you ever tried using the shuttle service, but while doing so had trouble figuring out which is the best route to take? would you like a better way to find a way to find the best route, so that you could be confident with the results you find?",,
sectionbteam4.csv/3_3,Riders want to know the waiting time for their shuttle in order to determine which transportation method to use. ,sectionbteam4/image11.jpeg,2,Have you ever gone to the airport in the dark? dd you take steps to ensure your safety?,Have you ever waited for the shuttle longer due to unexpected situations?,Have you ever felt like you never really had the opportunity to learn about the transportation options?,Have you ever tried to find out which stop you are approaching during the ride? Would you like to know that at all times while on the shuttle?,,
sectionbteam4.csv/3_2,Riders want to know the waiting time for their shuttle in order to determine which transportation method to use. ,sectionbteam4/image10.jpeg,4,"Have you ever wanted to make conversation with the CMU shuttle driver, but didn't because you didn't want to bother him?",Have you ever tried to find out which stop you are approaching during the ride? Would you like to know that at all times while on the shuttle?,Have you ever gone to the airport in the dark? dd you take steps to ensure your safety?,Have you ever wanted to know when exactly to go to the shuttle stop?,,
sectionbteam4.csv/3_1,Riders want to know the waiting time for their shuttle in order to determine which transportation method to use.,sectionbteam4/image9.jpeg,4,Have you ever tried to find out which stop you are approaching during the ride? Would you like to know that at all times while on the shuttle?,Have you ever search for a shuttle route and stop near your home? would you ever want to just search your destination and get the results?,Have you ever missed a shuttle because you couldn't find all the information you needed from one resource?,Have you ever waited at a shuttle stop longer than it would take you to walk?,,
sectionbteam4.csv/2_3,Riders need a reliable centralized channel with all shuttle information,sectionbteam4/image8.jpeg,1,Have you ever been unable to obtain comprehensive shuttle information because of a breakdown in one resource?,Have you ever felt like yoou needed to use a diffeerent transportation method in the morning compared to a transpoortation method used at night?,Have you ever wanted to be a more organized person and become more in control of your daily transportation experience?,Have you ever waited at a shuttle stop longer than it would take you to walk?,,
sectionbteam4.csv/2_2,Riders need a reliable centralized channel with all shuttle information,sectionbteam4/image7.jpeg,1,Have you ever conducted a multi-channel research on the shuttle service but was still unable to get all the information you needed?,Have you ever tried to find out which stop you are approaching during the ride? Would you like to know that at all times while on the shuttle?,"Have you ever tried using the shuttle service, but while doing so had trouble figuring out which is the best route to take? would you like a better way to find a way to find the best route, so that you could be confident with the results you find?",Have you ever been on the 28x bus but constantly carried the luggage with you? wouldn't you like your long journey to the airport to be much more comfortable?,,
sectionbteam4.csv/2_1,Riders need a reliable centralized channel with all shuttle information,sectionbteam4/image6.jpeg,3,Have you ever tried to find out which stop you are approaching during the ride? Would you like to know that at all times while on the shuttle?,"Have you ever tried using the shuttle service, but while doing so had trouble figuring out which is the best route to take? would you like a better way to find a way to find the best route, so that you could be confident with the results you find?",Have you ever missed a shuttle because you couldn't find all the information you needed from one resource?,Have you ever waited at a shuttle stop longer than it would take you to walk?,,
sectionbteam4.csv/1_3,Riders want to know which stop they are approaching while on the shuttle in order to get off successfully at their destinations.,sectionbteam4/image5.jpeg,3,Have you ever wanted a more personal relationship with the driver?,Have you ever experienced feeling your waiting experience meaningless?,Have you ever experienced difficulties in checking location with your phone during the ride?,Have you ever gone to the airport in the dark? dd you take steps to ensure your safety?,,
sectionbteam4.csv/1_2,Riders want to know which stop they are approaching while on the shuttle in order to get off successfully at their destinations.,sectionbteam4/image4.jpeg,2,Have you ever realized last minute that you're running late? how did you take steps to make sure you made your flight on time?,"Have you ever missed your stop because you fell asleep during the ride? in that case, would you like to be woken up when you approach your destination?",Have you ever been on the 28x bus but constantly carried the luggage with you? wouldn't you like your long journey to the airport to be much more comfortable?,Have you ever gone to the airport in the dark? dd you take steps to ensure your safety?,,
sectionbteam4.csv/1_1,Riders want to know which stop they are approaching while on the shuttle in order to get off successfully at their destinations.,sectionbteam4/image3.jpeg,2,Have you ever felt like you never really had the opportunity to learn about the transportation options?,Have you ever tried to find out which stop you are approaching during the ride? Would you like to know that at all times while on the shuttle?,"Have you ever tried using the shuttle service, but while doing so had trouble figuring out which is the best route to take? would you like a better way to find a way to find the best route, so that you could be confident with the results you find?",Have you ever been on the 28x bus but constantly carried the luggage with you? wouldn't you like your long journey to the airport to be much more comfortable?,,
sectionateam4.csv/1_2,A need to accurately measure the level of danger in a given area at a given time and to inform students of that,sectionateam4/image2.jpg,3,Have you ever been on the 28x bus but constantly carried the luggage with you? wouldn't you like your long journey to the airport to be much more comfortable?,Have you ever tried to find out which stop you are approaching during the ride? Would you like to know that at all times while on the shuttle?,Would you feel more safe going home if you could know exactly what was going on on the route you usually take home?,Have you ever realized last minute that you're running late? how did you take steps to make sure you made your flight on time?,maybe,
sectionateam4.csv/3_2,To know who's walking on the streets ahead of you,sectionateam4/image22.jpg,4,Have you ever been on the 28x bus but constantly carried the luggage with you? wouldn't you like your long journey to the airport to be much more comfortable?,Have you ever realized last minute that you're running late? how did you take steps to make sure you made your flight on time?,Have you ever search for a shuttle route and stop near your home? would you ever want to just search your destination and get the results?,do you want to avoid suspicious individuals on your walk home?,maybe,
sectionateam4.csv/3_1,To know who's walking on the streets ahead of you,sectionateam4/image21.jpg,1,do you want to avoid suspicious individuals on your walk home?,Have you ever realized last minute that you're running late? how did you take steps to make sure you made your flight on time?,Have you ever search for a shuttle route and stop near your home? would you ever want to just search your destination and get the results?,Have you ever been on the 28x bus but constantly carried the luggage with you? wouldn't you like your long journey to the airport to be much more comfortable?,maybe,
sectionateam4.csv/2_1,For company on walk home to increase feeling of safety,sectionateam4/image18.jpeg,3,"When using ridesharing services, have you ever have difficulty in locating the right pickup location to meet the driver? How do you value safety in selecting pickup location for ridesharing services on campus?",Would you feel more safe going home if you knew you there were limited dangers and low risks?,Would you feel comfortable sharing location with friends if it were for safety measures?,Have you ever been on the 28x bus but constantly carried the luggage with you? wouldn't you like your long journey to the airport to be much more comfortable?,no,
sectionateam4.csv/1_1,A need to accurately measure the level of danger in a given area at a given time and to inform students of that,sectionateam4/image1.jpg,1,Would you feel more safe going home if you knew you there were limited dangers and low risks?,Would you feel comfortable sharing location with friends if it were for safety measures?,Do you experience frustration when you input information into transportation options each time you use them?,Have you ever realized last minute that you're running late? how did you take steps to make sure you made your flight on time?,no,
sectionateam4.csv/2_2,For company on walk home to increase feeling of safety,sectionateam4/image19.jpeg,3,"When using ridesharing services, have you ever have difficulty in locating the right pickup location to meet the driver? How do you value safety in selecting pickup location for ridesharing services on campus?",Have you ever tried to find out which stop you are approaching during the ride? Would you like to know that at all times while on the shuttle?,Would you feel comfortable sharing location with all cmu students if it were for safety measures?,Would you feel more safe going home if you knew you there were limited dangers and low risks?,no,
sectionateam2.csv/Supawat's storyboard_3,Meaningful waiting experience,sectionateam2/image13.jpeg,3,Have you ever search for a shuttle route and stop near your home? would you ever want to just search your destination and get the results?,Have you ever realized last minute that you're running late? how did you take steps to make sure you made your flight on time?,Have you ever experienced feeling your waiting experience meaningless?,Have you ever had uncomfortable experience waiting for transportation?,maybe,
sectionateam2.csv/Supawat's storyboard_1,Meaningful waiting experience,sectionateam2/image11.jpeg,4,Have you ever had uncomfortable experience waiting for transportation?,Have you ever search for a shuttle route and stop near your home? would you ever want to just search your destination and get the results?,Have you ever realized last minute that you're running late? how did you take steps to make sure you made your flight on time?,Have you ever experienced feeling your waiting experience meaningless?,maybe,
sectionateam2.csv/Crystal's storyboard_2,More comfortable transportation experience,sectionateam2/image9.jpeg,2,Have you ever experienced feeling your waiting experience meaningless?,Have you ever had uncomfortable experience waiting for transportation?,Have you ever felt like you never really had the opportunity to learn about the transportation options?,Have you ever had to check your phone constantly for bus arrival time?,maybe,
sectionateam2.csv/Crystal's storyboard_1,More comfortable transportation experience,sectionateam2/image8.jpeg,1,Have you ever had uncomfortable experience waiting for transportation?,Have you ever felt like you never really had the opportunity to learn about the transportation options?,Have you ever had to check your phone constantly for bus arrival time?,Have you ever experienced feeling your waiting experience meaningless?,maybe,
sectionateam2.csv/Cathy's storyboard_3,More accessible transportation info,sectionateam2/image7.jpeg,1,Have you ever had to check your phone constantly for bus arrival time?,Have you ever been on the 28x bus but constantly carried the luggage with you? wouldn't you like your long journey to the airport to be much more comfortable?,Have you ever had uncomfortable experience waiting for transportation?,Have you ever search for a shuttle route and stop near your home? would you ever want to just search your destination and get the results?,maybe,
sectionateam2.csv/Cathy's storyboard_2,More accessible transportation info,sectionateam2/image6.jpeg,4,Have you ever had uncomfortable experience waiting for transportation?,Have you ever been on the 28x bus but constantly carried the luggage with you? wouldn't you like your long journey to the airport to be much more comfortable?,Have you ever search for a shuttle route and stop near your home? would you ever want to just search your destination and get the results?,Have you ever had to check your phone constantly for bus arrival time?,maybe,